{
    "arima": {
        "val_rmse": 0.031066240293547674,
        "val_mae": 0.01955442911186454,
        "test_rmse": 0.00958795445297864,
        "test_mae": 0.009108924329591445
    },
    "lstm": {
        "val_rmse": 6711.340812842512,
        "val_mae": 6677.2594160285325,
        "test_rmse": 4033.397449535486,
        "test_mae": 3968.2410449052018
    },
    "last_training_date": "2025-05-15 00:00:00",
    "forecast_days": 3
}