{
    "arima": {
        "val_rmse": 0.030568677417410622,
        "val_mae": 0.022474800016785552,
        "test_rmse": 0.009448271726336147,
        "test_mae": 0.008020281250788894
    },
    "lstm": {
        "val_rmse": 9999.963400843462,
        "val_mae": 9938.34826075456,
        "test_rmse": 8074.441869519903,
        "test_mae": 8039.740210950302
    },
    "last_training_date": "2025-05-16 00:00:00",
    "forecast_days": 3
}